Epoch,Train Loss,Train Accuracy,Valid Loss,Valid Accuracy
0,0.554251892226083,0.9397321428571429,0.5918445885181427,0.8722826086956521
1,0.43208236353737967,0.9910714285714286,0.4739087224006653,0.8661684782608696
