Epoch,Train Loss,Train Accuracy,Valid Loss,Valid Accuracy
0,0.4671213712011065,0.9352678571428571,0.5385923087596893,0.8783967391304348
