Epoch,Train Loss,Train Accuracy,Valid Loss,Valid Accuracy
0,0.6159463907991137,0.9143668831168831,0.5248880982398987,0.8783967391304348
1,0.4134263630424227,0.9977678571428571,0.49490267038345337,0.8661684782608696
