Epoch,Train Loss,Train Accuracy,Valid Loss,Valid Accuracy
0,0.5458348521164486,0.9642857142857143,0.5543648600578308,0.8783967391304348
