Epoch,Train Loss,Train Accuracy,Valid Loss,Valid Accuracy
0,0.543463293995176,0.963474025974026,0.5313039571046829,0.8661684782608696
