Epoch,Train Loss,Train Accuracy,Valid Loss,Valid Accuracy
0,0.5360092840024403,0.9754464285714286,0.5874697268009186,0.8722826086956521
1,0.4330823378903525,0.9933035714285714,0.4630640298128128,0.8722826086956521
2,0.40679171681404114,0.9977678571428571,0.39432859420776367,1.0
3,0.4142954924276897,0.9955357142857143,0.3962240219116211,1.0
