Epoch,Train Loss,Train Accuracy,Valid Loss,Valid Accuracy
0,0.7373058540480477,0.9391233766233766,0.53681480884552,0.8783967391304348
1,0.41909351306302206,0.9933035714285714,0.45748983323574066,0.8783967391304348
2,0.41219502687454224,0.9977678571428571,0.41857148706912994,1.0
3,0.42191181012562345,0.9878246753246753,0.435082346200943,0.9470108695652174
