Epoch,Train Loss,Train Accuracy,Valid Loss,Valid Accuracy
0,0.5546852988856179,0.9096996753246753,0.5286538898944855,0.8722826086956521
1,0.41996773651668,0.9910714285714286,0.5091225057840347,0.8845108695652174
2,0.4134270612682615,0.9977678571428571,0.39487050473690033,1.0
3,0.4151467489344733,0.9910714285714286,0.4337768703699112,1.0
