Epoch,Train Loss,Train Accuracy,Valid Loss,Valid Accuracy
0,0.525072380900383,0.9241071428571429,0.5732055306434631,0.8600543478260869
1,0.42114410017217907,0.9788961038961039,0.4348832964897156,0.9096467391304348
2,0.41668808460235596,0.9866071428571429,0.4147097319364548,0.9782608695652174
3,0.4146949180534908,0.9955357142857143,0.403527095913887,1.0
