Epoch,Train Loss,Train Accuracy,Valid Loss,Valid Accuracy
0,0.8986994006804058,0.9196428571428571,0.555314302444458,0.8661684782608696
